# 课后作业
* ### 题目
  练习可编程SQL章节中的内容。
  - 存储过程的编写， IN,OUT等参数的使用。
  - 局部变量的定义。
  - 条件控制的使用。
  - 循环控制的使用。
---


#  存储过程的编写， IN,OUT等参数的使用&局部变量的定义
## in代码与结果
 ```
 delimiter //
CREATE PROCEDURE SEARCH_password(IN p_password CHAR(20)) 
BEGIN
IF p_password is null or p_password='' THEN
SELECT * FROM t_user; 
ELSE
SELECT * FROM t_user WHERE USER_PASSWORD LIKE p_password; 
END IF; 
END //

delimiter ;
CALL SEARCH_password('1234567');
 ```

 ```
Query OK, 0 rows affected (0.06 sec)

mysql>
mysql> delimiter ;
mysql> CALL SEARCH_password('1234567');
+---------+-----------+---------------+----------------------+
| USER_ID | USER_NAME | USER_PASSWORD | USER_EMAIL           |
+---------+-----------+---------------+----------------------+
|       1 | 林炳文    | 1234567       | 1ing200810050126.com |
|       4 | fdasfdsaf | 1234567       | fsaf@126.com         |
|       7 | fdasfdsaf | 1234567       | fsaf@126.com         |
+---------+-----------+---------------+----------------------+
3 rows in set (0.02 sec)
```

---
## out代码与结果
```
mysql> delimiter //
mysql> CREATE PROCEDURE SEARCH_password2(IN p_password CHAR(20),OUT p_int CHAR(10) )
    -> BEGIN
    -> IF p_password is null or p_password='' THEN
    -> SELECT * FROM t_user;
    -> ELSE
    -> SELECT * FROM t_user WHERE USER_PASSWORD LIKE p_password;
    -> END IF;
    -> SELECT FOUND_ROWS() INTO p_int;
    -> END //
Query OK, 0 rows affected, 1 warning (0.01 sec)

mysql>
mysql> delimiter ;
mysql> CALL SEARCH_password2('1234567%',@p_num);
+---------+-----------+---------------+----------------------+
| USER_ID | USER_NAME | USER_PASSWORD | USER_EMAIL           |
+---------+-----------+---------------+----------------------+
|       1 | 林炳文    | 1234567       | 1ing200810050126.com |
|       4 | fdasfdsaf | 1234567       | fsaf@126.com         |
|       6 | fadafasf  | 12345678      | fdfas@126.com        |
|       7 | fdasfdsaf | 1234567       | fsaf@126.com         |
+---------+-----------+---------------+----------------------+
4 rows in set (0.00 sec)

Query OK, 1 row affected (0.04 sec)

mysql> SELECT @p_num;
+--------+
| @p_num |
+--------+
| 4      |
+--------+
1 row in set (0.00 sec)
```
## inout的结果
```
 delimiter //
mysql> CREATE PROCEDURE sp_inout2(INOUT p_num INT)
    -> BEGIN
    -> SET p_num=p_num*10+5;
    -> END //
Query OK, 0 rows affected (0.01 sec)

mysql>
mysql> delimiter ;
mysql>
mysql> SET @p_num=2;
Query OK, 0 rows affected (0.00 sec)

mysql> call sp_inout(@p_num);
Query OK, 0 rows affected (0.00 sec)

mysql> SELECT @p_num;
+--------+
| @p_num |
+--------+
|     25 |
+--------+

1 row in set (0.00 sec)

```

## 循环控制的使用。
```
mysql> delimiter //
mysql> CREATE PROCEDURE sp_cal3(IN p_num INT,OUT p_result INT)
    -> BEGIN
    ->  SET p_result=5;
    ->  WHILE p_result> 1 DO
    ->  SET p_num = p_num * p_result;
    ->  SET p_result = p_result-1;
    ->  END WHILE;
    -> END //
Query OK, 0 rows affected (0.01 sec)

mysql> delimiter ;
mysql> CALL sp_cal2(7,@p_num);
Query OK, 0 rows affected (0.00 sec)

mysql> SELECT @p_num;
+--------+
| @p_num |
+--------+
|   5040 |
+--------+
1 row in set (0.00 sec)
```
##  条件控制的使用。
```
mysql> delimiter //
mysql> CREATE PROCEDURE sp_cal3(IN p_num INT,OUT p_result INT)
    -> BEGIN
    ->  SET p_result=5;
    ->  WHILE p_result> 1 DO
    ->  SET p_num = p_num * p_result;
    ->  SET p_result = p_result-1;
    ->  END WHILE;
    -> END //
Query OK, 0 rows affected (0.01 sec)

mysql> CALL GRADE_SEARCH3('w');
+--------+-----------+
| STU_ID | STU_SCORE |
+--------+-----------+
|   2000 |        78 |
|   2001 |        12 |
|   2002 |        13 |
|   2003 |        67 |
|   2004 |        90 |
|   2005 |        67 |
|   2006 |        78 |
|   2007 |        79 |
|   2008 |        90 |
|   2009 |        58 |
|   2010 |        45 |
|   2011 |        80 |
|   2012 |        90 |
|   2013 |        88 |
|   2014 |        88 |
|   2015 |        67 |
|   2016 |        88 |
|   2017 |        85 |
|   2018 |        99 |
|   2019 |        87 |
|   2020 |        78 |
|   2021 |        95 |
+--------+-----------+
22 rows in set (0.00 sec)

Query OK, 0 rows affected (0.09 sec)
